{
  "project_info": {
    "project_number": "212900091357",
    "project_id": "turimogo",
    "storage_bucket": "turimogo.appspot.com"
  },
  "client": [
    {
      "client_info": {
        "mobilesdk_app_id": "1:212900091357:android:f0a87f6097956c92d95234",
        "android_client_info": {
          "package_name": "leinad.proyects.turismogo"
        }
      },
      "oauth_client": [],
      "api_key": [
        {
          "current_key": "AIzaSyD1VifocfAgrVSSBNXUD5GDDjxqkbBDyNU"
        }
      ],
      "services": {
        "appinvite_service": {
          "other_platform_oauth_client": []
        }
      }
    }
  ],
  "configuration_version": "1"
}